{
    "training cost": 0.17372833868480478,
    "validation cost": 0.18967877328395844,
    "_runtime": 1503.3788571357727,
    "_timestamp": 1548922618.228781,
    "_step": 2999,
    "m1/W1:0": {
        "_type": "numpy.ndarray",
        "var": 57.73513412475586,
        "mean": 0.49412673711776733,
        "min": -43.48737716674805,
        "max": 54.66328430175781,
        "10%": -4.336165571212767,
        "25%": -0.14829206839203835,
        "75%": 0.7534521222114563,
        "90%": 6.472745990753172,
        "size": 280
    },
    "m1/b1:0": [
        -9.84779167175293,
        -1.134087085723877,
        12.242735862731934,
        24.216670989990234,
        -30.86661720275879,
        -22.20709228515625,
        -2.1427419185638428,
        26.40250587463379,
        -25.197284698486328,
        0.7331027984619141
    ],
    "m1/W2:0": {
        "_type": "numpy.ndarray",
        "var": 21.02105712890625,
        "mean": 0.5015326142311096,
        "min": -7.478696346282959,
        "max": 32.25531005859375,
        "10%": -3.03107750415802,
        "25%": -0.8666627258062363,
        "75%": 0.7629517763853073,
        "90%": 2.803718447685247,
        "size": 100
    },
    "m1/b2:0": [
        5.950789451599121,
        -6.610455513000488,
        0.5174998044967651,
        1.1976310014724731,
        0.27988117933273315,
        -1.35431706905365,
        1.3554962873458862,
        -0.4757574200630188,
        3.1648619174957275,
        -2.433253049850464
    ],
    "m1/W3:0": {
        "_type": "numpy.ndarray",
        "var": 22.019254684448242,
        "mean": 0.41986697912216187,
        "min": -8.663139343261719,
        "max": 30.38232421875,
        "10%": -4.222636270523071,
        "25%": -2.344715118408203,
        "75%": 2.3985804319381714,
        "90%": 5.1370179653167725,
        "size": 100
    },
    "m1/b3:0": [
        0.17662882804870605,
        -1.7183752059936523,
        -3.1642258167266846,
        0.19885043799877167,
        3.828970193862915,
        -2.449402332305908,
        1.3997799158096313,
        0.12369460612535477,
        -0.46096867322921753,
        3.3903844356536865
    ],
    "m1/W4:0": {
        "_type": "numpy.ndarray",
        "var": 57.34925842285156,
        "mean": 0.3713517487049103,
        "min": -36.907962799072266,
        "max": 44.96551513671875,
        "10%": -4.417088937759399,
        "25%": -1.393263429403305,
        "75%": 1.969989538192749,
        "90%": 6.6931804180145305,
        "size": 100
    },
    "m1/b4:0": [
        -0.8871599435806274,
        -3.688883066177368,
        -0.5348498225212097,
        4.430877208709717,
        -2.1345975399017334,
        -3.9182238578796387,
        1.0987217426300049,
        2.840596914291382,
        -4.795722007751465,
        -1.3575178384780884
    ],
    "m1/W5:0": {
        "_type": "numpy.ndarray",
        "var": 6.085873126983643,
        "mean": 0.11326403170824051,
        "min": -9.271258354187012,
        "max": 12.32498836517334,
        "10%": -1.5105739474296567,
        "25%": -0.23207461461424828,
        "75%": 0.07348446664400399,
        "90%": 1.6332862734794618,
        "size": 60
    },
    "m1/b5:0": [
        2.0649125576019287,
        -2.930143356323242,
        1.0660579204559326,
        0.2681695818901062,
        -1.0091438293457031,
        0.5371488928794861
    ]
}
