{
    "Epoch": 1000,
    "_timestamp": 1548655409.7130072,
    "_step": 999,
    "_runtime": 649.2002141475677,
    "cost": 0.007362267527922667
}
