{
    "training cost": 0.14633172740626446,
    "validation cost": 0.14816512167453766,
    "_runtime": 1507.1967730522156,
    "_timestamp": 1548920643.1147115,
    "_step": 2999,
    "m1/W1:0": {
        "_type": "numpy.ndarray",
        "var": 102.58794403076172,
        "mean": -0.4412356913089752,
        "min": -93.85978698730469,
        "max": 84.77776336669922,
        "10%": -4.47554440498352,
        "25%": -0.6880984455347061,
        "75%": 0.5829592645168304,
        "90%": 3.7003543615341186,
        "size": 280
    },
    "m1/b1:0": [
        -8.880226135253906,
        14.243010520935059,
        16.94698715209961,
        24.416419982910156,
        28.95398712158203,
        10.284637451171875,
        -32.928924560546875,
        19.34455680847168,
        -5.006436347961426,
        12.679468154907227
    ],
    "m1/W2:0": {
        "_type": "numpy.ndarray",
        "var": 0.5315514206886292,
        "mean": -0.10682304203510284,
        "min": -5.870080471038818,
        "max": 1.2519811391830444,
        "10%": -0.6094577133655548,
        "25%": -0.33740169554948807,
        "75%": 0.17859123274683952,
        "90%": 0.5219185411930086,
        "size": 100
    },
    "m1/b2:0": [
        -3.430471897125244,
        -2.055922746658325,
        -23.382667541503906,
        -5.35887336730957,
        14.056367874145508,
        3.3605728149414062,
        3.650923728942871,
        -10.965807914733887,
        -4.220189094543457,
        10.905254364013672
    ],
    "m1/W3:0": {
        "_type": "numpy.ndarray",
        "var": 5.248188018798828,
        "mean": -0.21084384620189667,
        "min": -22.78270149230957,
        "max": 0.6874074935913086,
        "10%": -0.42433346807956696,
        "25%": -0.2058764509856701,
        "75%": 0.2874263599514961,
        "90%": 0.43445858955383315,
        "size": 100
    },
    "m1/b3:0": [
        -3.038917303085327,
        -0.7215523719787598,
        -1.163618803024292,
        10.227689743041992,
        5.878747463226318,
        9.755768775939941,
        -5.692237854003906,
        4.177682876586914,
        7.265162944793701,
        -7.823426246643066
    ],
    "m1/W4:0": {
        "_type": "numpy.ndarray",
        "var": 0.10758385062217712,
        "mean": -0.09219534695148468,
        "min": -1.0563948154449463,
        "max": 0.6305223107337952,
        "10%": -0.5216343581676484,
        "25%": -0.31405165046453476,
        "75%": 0.09889368526637554,
        "90%": 0.2972073227167131,
        "size": 100
    },
    "m1/b4:0": [
        -0.3273487091064453,
        -0.41651469469070435,
        4.277048110961914,
        0.576601505279541,
        -0.45216694474220276,
        2.44246244430542,
        -1.2987152338027954,
        -1.0718352794647217,
        -11.483333587646484,
        -12.139180183410645
    ],
    "m1/W5:0": {
        "_type": "numpy.ndarray",
        "var": 0.046923212707042694,
        "mean": 0.021786781027913094,
        "min": -0.5319005846977234,
        "max": 0.4625036120414734,
        "10%": -0.23096109628677366,
        "25%": -0.06869418174028397,
        "75%": 0.09946241602301598,
        "90%": 0.3503744781017304,
        "size": 60
    },
    "m1/b5:0": [
        -0.7749001979827881,
        -0.8137379288673401,
        -3.1976029872894287,
        -0.0018759153317660093,
        -0.001145071117207408,
        -0.000621574989054352
    ]
}
