{
    "validation cost": 0.18823932111263275,
    "_step": 17,
    "_timestamp": 1548736165.8681557,
    "m1/W1:0": {
        "mean": 0.01022866927087307,
        "10%": -0.4317318707704544,
        "25%": -0.17201992124319077,
        "size": 280,
        "min": -0.8709097504615784,
        "_type": "numpy.ndarray",
        "90%": 0.4249445408582687,
        "max": 0.9219557642936707,
        "75%": 0.20950650796294212,
        "var": 0.1063716858625412
    },
    "m1/W2:0": {
        "mean": -0.018864523619413376,
        "10%": -0.44641310572624204,
        "25%": -0.28003712743520737,
        "size": 100,
        "min": -0.688527524471283,
        "_type": "numpy.ndarray",
        "90%": 0.4308291167020801,
        "max": 0.5621622204780579,
        "75%": 0.25781623274087906,
        "var": 0.10907936096191406
    },
    "training cost": 0.15848266504338532,
    "m1/W3:0": {
        "mean": 0.035377465188503265,
        "10%": -0.4066044121980667,
        "25%": -0.15052811801433563,
        "size": 100,
        "min": -0.5989808440208435,
        "_type": "numpy.ndarray",
        "90%": 0.39782066941261296,
        "max": 0.6725602746009827,
        "75%": 0.24128692969679832,
        "var": 0.08215821534395218
    },
    "m1/b4:0": [
        1.1735605001449585,
        -0.17065545916557312,
        -0.1722232848405838,
        -1.9680507183074951,
        0.320333331823349,
        -0.9906015396118164,
        0.3943793773651123,
        -0.1173299178481102,
        -0.6843659281730652,
        -1.067996621131897
    ],
    "_runtime": 17.231547594070435,
    "m1/b3:0": [
        1.8023735284805298,
        -0.6202087998390198,
        -0.1797187328338623,
        1.2385516166687012,
        -0.6142615079879761,
        -0.4836549162864685,
        0.019130472093820572,
        -0.9675763249397278,
        1.1147958040237427,
        1.148618221282959
    ],
    "m1/b2:0": [
        0.25489601492881775,
        2.639146327972412,
        0.14261247217655182,
        -0.5928807854652405,
        -1.0800249576568604,
        -0.3267187476158142,
        0.5922801494598389,
        -1.3844170570373535,
        0.856429934501648,
        -0.7430520057678223
    ],
    "m1/b5:0": [
        -0.9922913908958435,
        -2.260531425476074,
        0.8675231337547302,
        -0.8110033869743347,
        -0.20074129104614258,
        -0.038357071578502655,
        -0.5509801506996155
    ],
    "m1/W6:0": {
        "mean": -0.06130458787083626,
        "10%": -0.45291238427162167,
        "25%": -0.3232698366045952,
        "size": 70,
        "min": -0.7576813101768494,
        "_type": "numpy.ndarray",
        "90%": 0.38450955450534824,
        "max": 0.6301272511482239,
        "75%": 0.16095732524991035,
        "var": 0.10128722339868546
    },
    "m1/b1:0": [
        -0.04464375227689743,
        0.8536730408668518,
        -0.6286516785621643,
        0.296008825302124,
        -1.2606655359268188,
        -0.05413484573364258,
        -0.291260689496994,
        1.50275719165802,
        -0.1943029761314392,
        -1.5380421876907349
    ],
    "m1/W4:0": {
        "mean": -0.009931039065122604,
        "10%": -0.4405709147453308,
        "25%": -0.29012230783700943,
        "size": 100,
        "min": -0.5738239884376526,
        "_type": "numpy.ndarray",
        "90%": 0.4273850709199907,
        "max": 0.6446480751037598,
        "75%": 0.2594723030924797,
        "var": 0.1073768362402916
    }
}
