{
    "training cost": 0.08701296751209293,
    "validation cost": 0.07297708839178085,
    "_runtime": 588.0007512569427,
    "_timestamp": 1548668467.8396804,
    "_step": 999
}
