{
    "training cost": 0.2647652134364923,
    "validation cost": 0.27809661626815796,
    "_runtime": 748.5666728019714,
    "_timestamp": 1548914513.5553632,
    "_step": 1499,
    "m1/W1:0": {
        "_type": "numpy.ndarray",
        "var": 150.4676513671875,
        "mean": 0.6401103138923645,
        "min": -83.11844635009766,
        "max": 89.14439392089844,
        "10%": -5.196848869323729,
        "25%": -1.6160058379173279,
        "75%": 0.7308984398841858,
        "90%": 4.729741764068604,
        "size": 280
    },
    "m1/b1:0": [
        1.6415934562683105,
        8.91980266571045,
        0.11264993995428085,
        -6.565546989440918,
        1.8323440551757812,
        16.79592514038086,
        11.622939109802246,
        2.768126964569092,
        -3.232201337814331,
        -2.1967406272888184
    ],
    "m1/W2:0": {
        "_type": "numpy.ndarray",
        "var": 1.2697067260742188,
        "mean": -0.1591978520154953,
        "min": -6.271857261657715,
        "max": 1.7508533000946045,
        "10%": -1.7006418228149416,
        "25%": -0.6923249512910843,
        "75%": 0.5390455573797226,
        "90%": 0.9288700342178345,
        "size": 100
    },
    "m1/b2:0": [
        14.457191467285156,
        0.8946362733840942,
        -12.485241889953613,
        -5.2642364501953125,
        9.089651107788086,
        -0.43256884813308716,
        -1.7018479108810425,
        3.1768243312835693,
        0.06561370193958282,
        14.005931854248047
    ],
    "m1/W3:0": {
        "_type": "numpy.ndarray",
        "var": 2.261140823364258,
        "mean": -0.37578490376472473,
        "min": -10.533658027648926,
        "max": 1.427090048789978,
        "10%": -1.1409407734870909,
        "25%": -0.5861193835735321,
        "75%": 0.28350261598825455,
        "90%": 0.725607979297638,
        "size": 100
    },
    "m1/b3:0": [
        -2.6432037353515625,
        -1.394261121749878,
        -8.885283470153809,
        0.43449267745018005,
        -5.73949670791626,
        -5.1808671951293945,
        -2.939467430114746,
        -6.060511112213135,
        10.417646408081055,
        4.50372838973999
    ],
    "m1/W4:0": {
        "_type": "numpy.ndarray",
        "var": 2.2524125576019287,
        "mean": -0.3483326733112335,
        "min": -11.36464786529541,
        "max": 1.7057815790176392,
        "10%": -0.6539575457572937,
        "25%": -0.313311368227005,
        "75%": 0.11157780140638351,
        "90%": 0.4166253715753557,
        "size": 100
    },
    "m1/b4:0": [
        0.12516719102859497,
        0.2640790641307831,
        7.127647399902344,
        -2.5272836685180664,
        2.4883506298065186,
        -1.888890266418457,
        13.232526779174805,
        2.5116634368896484,
        -2.496060371398926,
        -2.958178997039795
    ],
    "m1/W5:0": [
        [
            -0.07794441282749176
        ],
        [
            -0.0694074034690857
        ],
        [
            0.043402351438999176
        ],
        [
            0.06127717345952988
        ],
        [
            0.10145293176174164
        ],
        [
            -0.08203336596488953
        ],
        [
            -0.0992324948310852
        ],
        [
            0.07275421917438507
        ],
        [
            0.0570533312857151
        ],
        [
            -0.0695386677980423
        ]
    ],
    "m1/b5:0": -0.9467560648918152
}
