{
    "cost": 0.00957101160314321,
    "_runtime": 133.9672269821167,
    "_step": 192,
    "_timestamp": 1548654620.4943426,
    "Epoch": 193
}
