{
    "cost": 0.011074013270112005,
    "_runtime": 58.558526039123535,
    "_step": 78,
    "Epoch": 79,
    "_timestamp": 1548654472.027628
}
