{
    "_timestamp": 1548656446.3947406,
    "cost": 0.027967921173189837,
    "Epoch": 11,
    "_step": 10,
    "_runtime": 16.84665274620056
}
