{
    "training cost": 0.20185131773286977,
    "validation cost": 0.21914099156856537,
    "_runtime": 780.9780113697052,
    "_timestamp": 1548917779.0253444,
    "_step": 1499,
    "m1/W1:0": {
        "_type": "numpy.ndarray",
        "var": 35.90293884277344,
        "mean": 0.4135238826274872,
        "min": -18.248044967651367,
        "max": 58.64939880371094,
        "10%": -2.801919388771057,
        "25%": -0.503105528652668,
        "75%": 0.3242088854312897,
        "90%": 3.6769219636917114,
        "size": 280
    },
    "m1/b1:0": [
        -0.12154112756252289,
        -4.6819353103637695,
        18.13680076599121,
        -13.862540245056152,
        -4.777548789978027,
        10.838676452636719,
        20.21474266052246,
        -0.9613556265830994,
        0.8451807498931885,
        -15.555608749389648
    ],
    "m1/W2:0": {
        "_type": "numpy.ndarray",
        "var": 127.1458511352539,
        "mean": -1.1073193550109863,
        "min": -94.57713317871094,
        "max": 18.641847610473633,
        "10%": -2.161017656326294,
        "25%": -1.007962554693222,
        "75%": 0.7731078118085861,
        "90%": 2.6988858699798595,
        "size": 100
    },
    "m1/b2:0": [
        4.3793745040893555,
        0.21521872282028198,
        -2.835838794708252,
        1.6111010313034058,
        0.07819864153862,
        -3.7037670612335205,
        -0.5067132711410522,
        -4.139181137084961,
        -0.7010071277618408,
        -0.13719442486763
    ],
    "m1/W3:0": {
        "_type": "numpy.ndarray",
        "var": 1.2087583541870117,
        "mean": 0.01687200367450714,
        "min": -1.7972222566604614,
        "max": 7.382742404937744,
        "10%": -0.8345025420188903,
        "25%": -0.4828222617506981,
        "75%": 0.2283700630068779,
        "90%": 0.9249833464622526,
        "size": 100
    },
    "m1/b3:0": [
        -0.8432239890098572,
        -0.9752259254455566,
        -1.014089584350586,
        -0.610284686088562,
        0.42853793501853943,
        -0.8614916801452637,
        -0.031560033559799194,
        -0.08619718998670578,
        0.5025201439857483,
        -0.7478968501091003
    ],
    "m1/W4:0": {
        "_type": "numpy.ndarray",
        "var": 0.13399666547775269,
        "mean": -0.07674868404865265,
        "min": -0.920649528503418,
        "max": 0.9194087386131287,
        "10%": -0.5325618147850036,
        "25%": -0.35709188878536224,
        "75%": 0.12659437954425812,
        "90%": 0.4052331984043122,
        "size": 100
    },
    "m1/b4:0": [
        -0.891039252281189,
        0.4158594012260437,
        -1.6129106283187866,
        -0.5585591197013855,
        2.442514419555664,
        -0.14681410789489746,
        3.1567635536193848,
        -1.4455803632736206,
        -0.7565609812736511,
        -0.0031656441278755665
    ],
    "m1/W5:0": {
        "_type": "numpy.ndarray",
        "var": 0.5087334513664246,
        "mean": 0.04578358307480812,
        "min": -2.275575637817383,
        "max": 2.3793528079986572,
        "10%": -0.39948655366897584,
        "25%": -0.19264158234000206,
        "75%": 0.23296985402703285,
        "90%": 0.5909556329250337,
        "size": 60
    },
    "m1/b5:0": [
        -1.3512247800827026,
        -1.722332239151001,
        0.07646109163761139,
        -0.05017542466521263,
        0.2605117857456207,
        -0.0897609144449234
    ]
}
