{
    "Epoch": 1000,
    "cost": 0.08274846350967566,
    "_runtime": 612.3507101535797,
    "_timestamp": 1548667146.4740684,
    "_step": 999
}
