{
    "training cost": 0.142277500834234,
    "validation cost": 0.16750596463680267,
    "_runtime": 775.1323537826538,
    "_timestamp": 1548919040.698424,
    "_step": 1499,
    "m1/W1:0": {
        "_type": "numpy.ndarray",
        "var": 71.89221954345703,
        "mean": 0.15782779455184937,
        "min": -77.73768615722656,
        "max": 63.41447448730469,
        "10%": -4.368697023391723,
        "25%": -1.024905264377594,
        "75%": 0.7428858578205109,
        "90%": 3.0333951950073237,
        "size": 280
    },
    "m1/b1:0": [
        3.0895168781280518,
        3.6559762954711914,
        15.346071243286133,
        -1.1603050231933594,
        14.281332015991211,
        16.74217414855957,
        2.374157667160034,
        1.2738572359085083,
        -0.7146660685539246,
        6.558299541473389
    ],
    "m1/W2:0": {
        "_type": "numpy.ndarray",
        "var": 0.16779571771621704,
        "mean": -0.017094755545258522,
        "min": -1.0549432039260864,
        "max": 0.7719699144363403,
        "10%": -0.507214742898941,
        "25%": -0.2955114468932152,
        "75%": 0.3280123919248581,
        "90%": 0.5511278569698334,
        "size": 100
    },
    "m1/b2:0": [
        14.504240989685059,
        7.231161594390869,
        4.187282085418701,
        10.343427658081055,
        2.6601808071136475,
        -9.96189022064209,
        4.459319591522217,
        12.301270484924316,
        -5.192720890045166,
        2.9668664932250977
    ],
    "m1/W3:0": {
        "_type": "numpy.ndarray",
        "var": 1.6428649425506592,
        "mean": -0.16892841458320618,
        "min": -11.91777515411377,
        "max": 1.096837043762207,
        "10%": -0.7345740973949433,
        "25%": -0.28313297778367996,
        "75%": 0.22494714334607124,
        "90%": 0.469678229093552,
        "size": 100
    },
    "m1/b3:0": [
        -1.7579306364059448,
        2.438462734222412,
        -0.07379216700792313,
        -5.680429935455322,
        -12.022457122802734,
        3.563169240951538,
        5.654901504516602,
        -4.120429039001465,
        0.07831133157014847,
        -2.979681968688965
    ],
    "m1/W4:0": {
        "_type": "numpy.ndarray",
        "var": 0.1555236577987671,
        "mean": -0.08216115087270737,
        "min": -2.6015284061431885,
        "max": 0.6499913334846497,
        "10%": -0.4265885829925537,
        "25%": -0.24915795773267746,
        "75%": 0.15050650760531425,
        "90%": 0.3093542605638504,
        "size": 100
    },
    "m1/b4:0": [
        3.540327787399292,
        3.447888135910034,
        0.3127508759498596,
        -0.6164154410362244,
        -3.0574610233306885,
        -1.5182043313980103,
        -0.02849678508937359,
        1.0033817291259766,
        0.9663165211677551,
        0.128524512052536
    ],
    "m1/W5:0": {
        "_type": "numpy.ndarray",
        "var": 0.024462418630719185,
        "mean": -0.00843243207782507,
        "min": -0.38001224398612976,
        "max": 0.2828271687030792,
        "10%": -0.2497565433382988,
        "25%": -0.012875231681391597,
        "75%": 0.03901617415249348,
        "90%": 0.22318712323904039,
        "size": 60
    },
    "m1/b5:0": [
        0.5942203998565674,
        1.1752839088439941,
        -0.10561759024858475,
        0.0004093202296644449,
        -0.00013053143629804254,
        -0.0007930112769827247
    ]
}
