{
    "training cost": 0.1458989097223933,
    "validation cost": 0.15356984734535217,
    "_runtime": 766.8555853366852,
    "_timestamp": 1548912958.740931,
    "_step": 1499,
    "m1/W1:0": {
        "_type": "numpy.ndarray",
        "var": 86.5738754272461,
        "mean": -0.28294071555137634,
        "min": -76.97386169433594,
        "max": 74.9443130493164,
        "10%": -3.4233519315719603,
        "25%": -0.5039820969104767,
        "75%": 0.5070209130644798,
        "90%": 3.344710493087768,
        "size": 280
    },
    "m1/Variable:0": [
        7.343871116638184,
        -5.199428081512451,
        12.247095108032227,
        2.9668750762939453,
        18.42061996459961,
        -8.862942695617676,
        8.121384620666504,
        10.876909255981445,
        21.375049591064453,
        9.726546287536621
    ],
    "m1/W2:0": {
        "_type": "numpy.ndarray",
        "var": 0.21172279119491577,
        "mean": 0.000796787440776825,
        "min": -1.351873755455017,
        "max": 0.9344276785850525,
        "10%": -0.608098840713501,
        "25%": -0.2440999038517475,
        "75%": 0.27924884110689163,
        "90%": 0.621672755479813,
        "size": 100
    },
    "m1/Variable_1:0": [
        -3.5160024166107178,
        -6.696143627166748,
        -7.374799728393555,
        8.231267929077148,
        -1.5739262104034424,
        -12.572840690612793,
        15.270967483520508,
        -6.884762763977051,
        -11.458282470703125,
        0.1602090746164322
    ],
    "m1/W3:0": {
        "_type": "numpy.ndarray",
        "var": 0.4205210208892822,
        "mean": -0.10533776879310608,
        "min": -4.430294036865234,
        "max": 0.9216508269309998,
        "10%": -0.5895354270935058,
        "25%": -0.31630683690309525,
        "75%": 0.2172647826373577,
        "90%": 0.5446807622909549,
        "size": 100
    },
    "m1/Variable_2:0": [
        3.64664363861084,
        -9.482940673828125,
        6.095452785491943,
        -3.100360155105591,
        3.804368734359741,
        0.12199433892965317,
        10.044273376464844,
        0.26290419697761536,
        -1.5587021112442017,
        -2.0380892753601074
    ],
    "m1/W4:0": {
        "_type": "numpy.ndarray",
        "var": 0.6435141563415527,
        "mean": -0.20883825421333313,
        "min": -7.575194358825684,
        "max": 0.6627461314201355,
        "10%": -0.5306532204151153,
        "25%": -0.3864815831184387,
        "75%": 0.05209894012659788,
        "90%": 0.23057700991630578,
        "size": 100
    },
    "m1/Variable_3:0": [
        -1.7134274244308472,
        -2.659914493560791,
        1.0188734531402588,
        -1.4095878601074219,
        6.665092945098877,
        -5.1364521980285645,
        -2.0427095890045166,
        5.814918041229248,
        1.2703009843826294,
        6.113044738769531
    ],
    "m1/W6:0": {
        "_type": "numpy.ndarray",
        "var": 0.04626215994358063,
        "mean": 0.001895278226584196,
        "min": -0.43974578380584717,
        "max": 0.5148215889930725,
        "10%": -0.22896079570055008,
        "25%": -0.16050640493631363,
        "75%": 0.08894742652773857,
        "90%": 0.3322257518768311,
        "size": 60
    },
    "m1/Variable_4:0": [
        -0.31389981508255005,
        -0.9647623896598816,
        -1.458047866821289,
        -0.00021045038010925055,
        0.0008434568298980594,
        -0.0007447476964443922
    ]
}
