{
    "training cost": 0.1953503201094453,
    "validation cost": 0.2015337496995926,
    "_runtime": 3169.2126381397247,
    "_timestamp": 1548984993.8247068,
    "_step": 1499,
    "m1/W1:0": {
        "_type": "numpy.ndarray",
        "var": 167.56129455566406,
        "mean": 0.34733572602272034,
        "min": -58.3906364440918,
        "max": 137.14434814453125,
        "10%": -4.69327940940857,
        "25%": -0.43898946791887283,
        "75%": 0.7109182327985764,
        "90%": 3.5361530542373654,
        "size": 280
    },
    "m1/b1:0": [
        -14.813654899597168,
        24.089630126953125,
        8.662040710449219,
        -6.31665563583374,
        -29.875890731811523,
        36.20215606689453,
        37.83781433105469,
        18.00133514404297,
        50.45640563964844,
        24.468666076660156
    ],
    "m1/W2:0": {
        "_type": "numpy.ndarray",
        "var": 0.8007573485374451,
        "mean": -0.1346704363822937,
        "min": -5.785067081451416,
        "max": 1.7041714191436768,
        "10%": -0.8899219334125519,
        "25%": -0.4972913861274719,
        "75%": 0.24094753339886665,
        "90%": 0.8398237705230718,
        "size": 100
    },
    "m1/b2:0": [
        -9.809311866760254,
        30.631141662597656,
        -13.409132957458496,
        20.71123504638672,
        -14.522599220275879,
        13.620542526245117,
        -6.811497211456299,
        9.058369636535645,
        39.161128997802734,
        -23.045682907104492
    ],
    "m1/W3:0": {
        "_type": "numpy.ndarray",
        "var": 1.868981957435608,
        "mean": -0.30899202823638916,
        "min": -11.34964370727539,
        "max": 0.7759947180747986,
        "10%": -0.6497560739517211,
        "25%": -0.40822233259677887,
        "75%": 0.10920211300253868,
        "90%": 0.3300978839397432,
        "size": 100
    },
    "m1/b3:0": [
        -2.1796231269836426,
        -10.058189392089844,
        -21.556549072265625,
        -16.496265411376953,
        0.9274928569793701,
        -32.821563720703125,
        -1.6897103786468506,
        -1.4475882053375244,
        18.18168067932129,
        -3.0962250232696533
    ],
    "m1/W4:0": {
        "_type": "numpy.ndarray",
        "var": 5.665001392364502,
        "mean": -0.5576290488243103,
        "min": -17.920297622680664,
        "max": 0.4910222589969635,
        "10%": -0.6929130971431732,
        "25%": -0.2875024825334549,
        "75%": 0.10790460743010044,
        "90%": 0.2910142481327057,
        "size": 100
    },
    "m1/b4:0": [
        2.9397244453430176,
        -1.6423985958099365,
        -1.102827787399292,
        4.747682571411133,
        -1.2292397022247314,
        -9.929076194763184,
        -1.7705268859863281,
        -6.850645542144775,
        -1.3264583349227905,
        0.6655027270317078
    ],
    "m1/W5:0": {
        "_type": "numpy.ndarray",
        "var": 0.06637425720691681,
        "mean": 0.016938643530011177,
        "min": -0.5729999542236328,
        "max": 0.9003044962882996,
        "10%": -0.27606566846370695,
        "25%": -0.05954294931143522,
        "75%": 0.048759207129478455,
        "90%": 0.23218991011381152,
        "size": 60
    },
    "m1/b5:0": [
        -2.159794569015503,
        1.5870832204818726,
        0.6293985843658447,
        0.0018182138446718454,
        -0.0011792799923568964,
        -3.450221265666187e-05
    ]
}
